{"diaolingkulou":{"pos_x":-389.55279208739523,"pos_y":165.0,"pos_z":563.6436032658996,"yaw":17.984917,"pitch":58.199905,"dimension":"world_nether","skin":"null"}}