{"111111":{"pos_x":-195.38207463922413,"pos_y":60.0,"pos_z":-195.37438953936623,"yaw":-120.3822,"pitch":28.095472,"dimension":"world","skin":"null"},"diaolingkulou":{"pos_x":-389.08813780695107,"pos_y":165.0,"pos_z":563.2034958320387,"yaw":-130.49931,"pitch":56.0999,"dimension":"world_nether","skin":"null"}}