{"diaolingkulou":{"pos_x":-389.2280721760685,"pos_y":165.0,"pos_z":563.6678795100789,"yaw":-90.0,"pitch":89.999886,"dimension":"world_nether","skin":"null"},"diaoyu":{"pos_x":-10.276595628724813,"pos_y":65.0,"pos_z":-303.5904053732151,"yaw":-128.35358,"pitch":10.707148,"dimension":"world","skin":"null"}}