{"diaolingkulou":{"pos_x":-389.2280721760685,"pos_y":165.0,"pos_z":563.6678795100789,"yaw":-90.0,"pitch":89.99991,"dimension":"world_nether","skin":"null"}}