{"diaolingkulou":{"pos_x":-391.9211268983637,"pos_y":128.0,"pos_z":566.7178069017972,"yaw":17.984863,"pitch":58.199585,"dimension":"world_nether","skin":"null"}}